-- phpMyAdmin SQL Dump
-- version 5.1.1deb5ubuntu1
-- https://www.phpmyadmin.net/
--
-- Host: localhost:3306
-- Generation Time: Jan 29, 2024 at 02:00 PM
-- Server version: 8.0.35-0ubuntu0.22.04.1
-- PHP Version: 8.1.2-1ubuntu2.14

SET SQL_MODE = "NO_AUTO_VALUE_ON_ZERO";
START TRANSACTION;
SET time_zone = "+00:00";


/*!40101 SET @OLD_CHARACTER_SET_CLIENT=@@CHARACTER_SET_CLIENT */;
/*!40101 SET @OLD_CHARACTER_SET_RESULTS=@@CHARACTER_SET_RESULTS */;
/*!40101 SET @OLD_COLLATION_CONNECTION=@@COLLATION_CONNECTION */;
/*!40101 SET NAMES utf8mb4 */;

--
-- Database: `rfdb2_empty`
--
CREATE DATABASE IF NOT EXISTS `rfdb2_empty` DEFAULT CHARACTER SET utf8mb4 COLLATE utf8mb4_unicode_ci;
USE `rfdb2_empty`;

-- --------------------------------------------------------

--
-- Table structure for table `tbl_config`
--

DROP TABLE IF EXISTS `tbl_config`;
CREATE TABLE `tbl_config` (
  `id` int NOT NULL,
  `name` varchar(45) COLLATE utf8mb4_unicode_ci NOT NULL,
  `value` varchar(150) COLLATE utf8mb4_unicode_ci DEFAULT NULL
) ENGINE=InnoDB DEFAULT CHARSET=utf8mb4 COLLATE=utf8mb4_unicode_ci;

--
-- Dumping data for table `tbl_config`
--

INSERT INTO `tbl_config` (`id`, `name`, `value`) VALUES
(1, 'Project', 'Rizzo\'s Finances Database 2'),
(2, 'Copyrights', '&copy;2023 Rizzo Productions'),
(3, 'Pages', 'dashboard.php,sheet.php#finance,sheet.php#stock,sheet.php#savings,sheet.php#crypto,settings.php,logout.php'),
(4, 'Titles', NULL),
(5, 'Months', NULL),
(6, 'Quarters', NULL),
(7, 'Year', NULL),
(8, 'Settings', NULL),
(9, 'Language', NULL),
(10, 'Scale', NULL),
(11, 'Errors', NULL),
(12, 'Configs', NULL),
(13, 'Login', NULL),
(14, 'Users', NULL);

-- --------------------------------------------------------

--
-- Table structure for table `tbl_dutch`
--

DROP TABLE IF EXISTS `tbl_dutch`;
CREATE TABLE `tbl_dutch` (
  `id` int NOT NULL,
  `id_config` int NOT NULL,
  `value` varchar(150) COLLATE utf8mb4_unicode_ci NOT NULL
) ENGINE=InnoDB DEFAULT CHARSET=utf8mb4 COLLATE=utf8mb4_unicode_ci;

--
-- Dumping data for table `tbl_dutch`
--

INSERT INTO `tbl_dutch` (`id`, `id_config`, `value`) VALUES
(1, 4, 'Overzicht,Financiën,Beleggen,Sparen,Crypto,Instellingen,Afmelden'),
(2, 5, 'Januari,Februari,Maart,April,Mei,Juni,Juli,Augustus,September,Oktober,November,December'),
(3, 6, 'Januari - Maart,April - Juni,Juli - September,Oktober - December'),
(4, 7, 'Januari - December'),
(5, 8, 'Pagina\'s,Algemeen,Financiën,Beleggen,Sparen,Crypto'),
(6, 9, 'Taal,Engels,Nederlands'),
(7, 10, 'Schaal,Maanden,Kwartalen,Jaar'),
(8, 11, 'Invalid page,Page [PAGE] doesn´t exist!'),
(9, 12, 'Configuraties,Naam,Waarde'),
(10, 13, 'Aanmelden,Gebruikersnaam,Wachtwoord,controle,is mislukt!,is niet hetzelfde!,is niet sterk genoeg!,voldoet niet!,bestaat al!'),
(11, 14, 'Gebruikers,Naam,Wachtwoord Hash Waarde,Aangemeld,Vorige Aanmelding');

-- --------------------------------------------------------

--
-- Table structure for table `tbl_english`
--

DROP TABLE IF EXISTS `tbl_english`;
CREATE TABLE `tbl_english` (
  `id` int NOT NULL,
  `id_config` int NOT NULL,
  `value` varchar(150) COLLATE utf8mb4_unicode_ci NOT NULL
) ENGINE=InnoDB DEFAULT CHARSET=utf8mb4 COLLATE=utf8mb4_unicode_ci;

--
-- Dumping data for table `tbl_english`
--

INSERT INTO `tbl_english` (`id`, `id_config`, `value`) VALUES
(1, 4, 'Dashboard,Finances,Stocks,Savings,Crypto,Settings,Sign Out'),
(2, 5, 'January,February,March,April,May,June,July,August,September,October,November,December'),
(3, 6, 'January - March, April - June,July - September, October - December'),
(4, 7, 'January - December'),
(5, 8, 'Pages,General,Finances,Stocks,Savings,Crypto'),
(6, 9, 'Language,Dutch,English'),
(7, 10, 'Scale,Months,Quarters,Year'),
(8, 11, 'Invalid page,Page [PAGE] doesn´t exist!'),
(9, 12, 'Configurations,Name,Value'),
(10, 13, 'Sign In,Username,Password,check,failed!,is not the same!,is not strong enough!,is invalid!,already exists! '),
(11, 14, 'Users,Name,Password Hash Value,Signed In,Previous Signed In');

-- --------------------------------------------------------

--
-- Table structure for table `tbl_language`
--

DROP TABLE IF EXISTS `tbl_language`;
CREATE TABLE `tbl_language` (
  `id` int NOT NULL,
  `language` varchar(45) COLLATE utf8mb4_unicode_ci NOT NULL,
  `native` varchar(45) COLLATE utf8mb4_unicode_ci NOT NULL,
  `code` varchar(2) COLLATE utf8mb4_unicode_ci NOT NULL
) ENGINE=InnoDB DEFAULT CHARSET=utf8mb4 COLLATE=utf8mb4_unicode_ci;

--
-- Dumping data for table `tbl_language`
--

INSERT INTO `tbl_language` (`id`, `language`, `native`, `code`) VALUES
(1, 'Dutch', 'Nederlands', 'NL'),
(2, 'Niederländisch', 'Nederlands', 'NL'),
(3, 'Engels', 'English', 'EN'),
(4, 'Englisch', 'English', 'EN'),
(5, 'Duits', 'Deutsch', 'DE'),
(6, 'German', 'Deutsch', 'DE');

-- --------------------------------------------------------

--
-- Table structure for table `tbl_settings`
--

DROP TABLE IF EXISTS `tbl_settings`;
CREATE TABLE `tbl_settings` (
  `id` int NOT NULL,
  `name` varchar(45) COLLATE utf8mb4_unicode_ci NOT NULL,
  `value` longtext COLLATE utf8mb4_unicode_ci NOT NULL
) ENGINE=InnoDB DEFAULT CHARSET=utf8mb4 COLLATE=utf8mb4_unicode_ci;

--
-- Dumping data for table `tbl_settings`
--

INSERT INTO `tbl_settings` (`id`, `name`, `value`) VALUES
(1, 'dashboard', '{\"page\": \"true\", \"theme\": {\"color\": \"#6c3483\"}}'),
(2, 'finance', '{\"page\": \"true\", \"scale\": \"months\", \"theme\": {\"color\": \"#ffd700\"}}'),
(3, 'stock', '{\"page\": \"true\", \"scale\": \"quarters\", \"theme\": {\"color\": \"#228b22\"}}'),
(4, 'savings', '{\"page\": \"true\", \"scale\": \"year\", \"theme\": {\"color\": \"#4169e1\"}}'),
(5, 'crypto', '{\"page\": \"true\", \"scale\": \"year\", \"theme\": {\"color\": \"#ff8f00\"}}'),
(6, 'settings', '{\"page\": \"true\", \"rows\": 25, \"theme\": {\"color\": \"#536878\"}}'),
(7, 'logout', '{\"page\": \"true\"}'),
(8, 'language', '{\"code\": \"NL\", \"language\": \"Nederlands\"}'),
(9, 'salt', '{\"phrase\":\"Please put your SALT pharse here.\"}');

-- --------------------------------------------------------

--
-- Table structure for table `tbl_users`
--

DROP TABLE IF EXISTS `tbl_users`;
CREATE TABLE `tbl_users` (
  `id` int NOT NULL,
  `user` varchar(25) COLLATE utf8mb4_unicode_ci NOT NULL,
  `password` varchar(75) COLLATE utf8mb4_unicode_ci NOT NULL,
  `time` datetime DEFAULT NULL,
  `last` datetime DEFAULT NULL
) ENGINE=InnoDB DEFAULT CHARSET=utf8mb4 COLLATE=utf8mb4_unicode_ci;

--
-- Dumping data for table `tbl_users`
--

INSERT INTO `tbl_users` (`id`, `user`, `password`, `time`, `last`) VALUES
(1, 'Rizzo', '5cc955b91289a48f2bb3a1d31cf4badfe74e2381d69ca68d6a7db63e23871098', '2024-01-29 13:15:48', '2024-01-29 11:13:17'),
(5, 'Admin', '9e71af2675ef9d36c6d23b737d0be7c1bd828c6cea289f91f7199478d8bcf46e', '2024-01-29 11:13:32', '2024-01-28 13:50:13'),
(6, 'Admin2', '5cc955b91289a48f2bb3a1d31cf4badfe74e2381d69ca68d6a7db63e23871098', NULL, NULL),
(7, 'Rizzo2', '5cc955b91289a48f2bb3a1d31cf4badfe74e2381d69ca68d6a7db63e23871098', NULL, NULL);

--
-- Indexes for dumped tables
--

--
-- Indexes for table `tbl_config`
--
ALTER TABLE `tbl_config`
  ADD PRIMARY KEY (`id`);

--
-- Indexes for table `tbl_dutch`
--
ALTER TABLE `tbl_dutch`
  ADD PRIMARY KEY (`id`);

--
-- Indexes for table `tbl_english`
--
ALTER TABLE `tbl_english`
  ADD PRIMARY KEY (`id`);

--
-- Indexes for table `tbl_language`
--
ALTER TABLE `tbl_language`
  ADD PRIMARY KEY (`id`),
  ADD UNIQUE KEY `language_UNIQUE` (`language`);

--
-- Indexes for table `tbl_settings`
--
ALTER TABLE `tbl_settings`
  ADD PRIMARY KEY (`id`);

--
-- Indexes for table `tbl_users`
--
ALTER TABLE `tbl_users`
  ADD PRIMARY KEY (`id`),
  ADD UNIQUE KEY `user_UNIQUE` (`user`);

--
-- AUTO_INCREMENT for dumped tables
--

--
-- AUTO_INCREMENT for table `tbl_config`
--
ALTER TABLE `tbl_config`
  MODIFY `id` int NOT NULL AUTO_INCREMENT, AUTO_INCREMENT=15;

--
-- AUTO_INCREMENT for table `tbl_dutch`
--
ALTER TABLE `tbl_dutch`
  MODIFY `id` int NOT NULL AUTO_INCREMENT, AUTO_INCREMENT=12;

--
-- AUTO_INCREMENT for table `tbl_english`
--
ALTER TABLE `tbl_english`
  MODIFY `id` int NOT NULL AUTO_INCREMENT, AUTO_INCREMENT=12;

--
-- AUTO_INCREMENT for table `tbl_language`
--
ALTER TABLE `tbl_language`
  MODIFY `id` int NOT NULL AUTO_INCREMENT, AUTO_INCREMENT=7;

--
-- AUTO_INCREMENT for table `tbl_settings`
--
ALTER TABLE `tbl_settings`
  MODIFY `id` int NOT NULL AUTO_INCREMENT, AUTO_INCREMENT=10;

--
-- AUTO_INCREMENT for table `tbl_users`
--
ALTER TABLE `tbl_users`
  MODIFY `id` int NOT NULL AUTO_INCREMENT, AUTO_INCREMENT=8;
COMMIT;

/*!40101 SET CHARACTER_SET_CLIENT=@OLD_CHARACTER_SET_CLIENT */;
/*!40101 SET CHARACTER_SET_RESULTS=@OLD_CHARACTER_SET_RESULTS */;
/*!40101 SET COLLATION_CONNECTION=@OLD_COLLATION_CONNECTION */;
